hour,rain_mm
1,34.307998865551085
2,34.307998865551085
3,20.58479931933065
4,20.58479931933065
5,13.723199546220435
6,13.723199546220435
